valid_loss,valid_MAE,epoch,step,train_MAE
0.02526436187326908,0.11853338778018951,0,41,
,,0,41,0.17417067289352417
