valid_loss,valid_MAE,epoch,step,train_MAE
0.030517689883708954,0.14754481613636017,0,41,
,,0,41,0.1718427836894989
