valid_loss,valid_MAE,epoch,step,train_MAE
0.04587549716234207,0.1698770970106125,0,41,
,,0,41,0.17988446354866028
