valid_loss,valid_MAE,epoch,step,train_MAE
0.03309014439582825,0.14122454822063446,0,41,
,,0,41,0.19844070076942444
