valid_loss,valid_MAE,epoch,step,train_MAE
0.0308094322681427,0.14876320958137512,0,41,
,,0,41,0.17935705184936523
