valid_loss,valid_MAE,epoch,step,train_MAE
0.02745780348777771,0.13059905171394348,0,41,
,,0,41,0.17326103150844574
