valid_loss,valid_MAE,epoch,step,train_MAE
0.04187287017703056,0.16433171927928925,0,41,
,,0,41,0.18202310800552368
