valid_loss,valid_MAE,epoch,step,train_MAE
0.031736839562654495,0.14064304530620575,0,41,
,,0,41,0.18497386574745178
