valid_loss,valid_MAE,epoch,step,train_MAE
0.04304487630724907,0.1593654453754425,0,41,
,,0,41,0.17846937477588654
