train_loss,epoch,step,valid_loss,valid_MAE,train_MAE
0.0295111034065485,0,49,,,
,0,67,0.0353761687874794,0.1513235867023468,
,0,67,,,0.15700651705265045
