valid_loss,valid_MAE,epoch,step,train_MAE
0.04429521784186363,0.1684260070323944,0,41,
,,0,41,0.19223320484161377
