valid_loss,valid_MAE,epoch,step,train_MAE
0.02183159440755844,0.11420779675245285,0,41,
,,0,41,0.18641045689582825
