valid_loss,valid_MAE,epoch,step,train_MAE,train_loss
0.046283360570669174,0.15276043117046356,0,41,,
,,0,41,0.1967611312866211,
,,1,49,,0.048169929534196854
0.045256730169057846,0.15016146004199982,1,83,,
,,1,83,0.167609304189682,
,,2,99,,0.04461083561182022
