valid_loss,valid_MAE,epoch,step,train_MAE
0.019861703738570213,0.10838597267866135,0,41,
,,0,41,0.18081627786159515
