valid_loss,valid_MAE,epoch,step,train_MAE
0.0476401187479496,0.17327143251895905,0,41,
,,0,41,0.19090814888477325
