valid_loss,valid_MAE,epoch,step,train_MAE
0.02178303152322769,0.11211599409580231,0,41,
,,0,41,0.18665333092212677
