valid_loss,valid_MAE,epoch,step,train_MAE
0.04747578874230385,0.17171593010425568,0,41,
,,0,41,0.1990140974521637
