valid_loss,valid_MAE,epoch,step,train_MAE
0.04563158005475998,0.17049987614154816,0,41,
,,0,41,0.17566557228565216
