train_loss,epoch,step,valid_loss,valid_MAE,train_MAE
0.042888253927230835,0,49,,,
0.03731219843029976,0,99,,,
0.02927478216588497,0,149,,,
0.026960525661706924,0,199,,,
0.02295546978712082,0,249,,,
0.022995060309767723,0,299,,,
0.020524654537439346,0,349,,,
0.01668362319469452,0,399,,,
0.0180354006588459,0,449,,,
0.01801563985645771,0,499,,,
,0,538,0.015219273045659065,0.09084948152303696,
,0,538,,,0.12409082055091858
