valid_loss,valid_MAE,epoch,step,train_MAE
0.027635034173727036,0.12925656139850616,0,41,
,,0,41,0.18604810535907745
