valid_loss,valid_MAE,epoch,step,train_MAE
0.043061789125204086,0.15878954529762268,0,41,
,,0,41,0.1718730330467224
