train_loss,epoch,step,valid_loss,valid_MAE,train_MAE
0.03084953874349594,0,49,,,
,0,67,0.03565560281276703,0.15209804475307465,
,0,67,,,0.15727311372756958
