valid_loss,valid_MAE,epoch,step,train_MAE
0.036979325115680695,0.1554556041955948,0,41,
,,0,41,0.18568962812423706
