valid_loss,valid_MAE,epoch,step,train_MAE
0.019514773041009903,0.1045614629983902,0,41,
,,0,41,0.17959867417812347
