valid_loss,valid_MAE,epoch,step,train_MAE
0.0347074493765831,0.14942137897014618,0,41,
,,0,41,0.18708182871341705
