valid_loss,valid_MAE,epoch,step,train_MAE
0.029849166050553322,0.13534273207187653,0,41,
,,0,41,0.1860511600971222
