valid_loss,valid_MAE,epoch,step,train_MAE
0.03289499878883362,0.15011082589626312,0,41,
,,0,41,0.20467576384544373
