valid_loss,valid_MAE,epoch,step,train_MAE
0.03912031278014183,0.16199229657649994,0,41,
,,0,41,0.19874955713748932
