valid_loss,valid_MAE,epoch,step,train_MAE
0.03627091273665428,0.15097086131572723,0,41,
,,0,41,0.18695507943630219
