valid_loss,valid_MAE,epoch,step,train_MAE
0.02460242621600628,0.11754703521728516,0,41,
,,0,41,0.17669443786144257
