valid_loss,valid_MAE,epoch,step,train_MAE
0.028983408585190773,0.13237085938453674,0,41,
,,0,41,0.1860511600971222
