valid_loss,valid_MAE,epoch,step,train_MAE
0.03068697825074196,0.13285914063453674,0,41,
,,0,41,0.19159382581710815
